<?xml version="1.0" encoding="UTF-8"?>
<beans xmlns="http://www.springframework.org/schema/beans"
	xmlns:xsi="http://www.w3.org/2001/XMLSchema-instance"
	xmlns:tx="http://www.springframework.org/schema/tx"
	xsi:schemaLocation="http://www.springframework.org/schema/beans https://www.springframework.org/schema/beans/spring-beans.xsd
		http://www.springframework.org/schema/tx http://www.springframework.org/schema/tx/spring-tx-4.3.xsd">
	
	<!-- Root Context: defines shared resources visible to all other web components -->
	
	<!-- db.properties파일을 관리하기 위한 객체 PropertyPlaceholderConfigurer-->
	<bean class="org.springframework.beans.factory.config.PropertyPlaceholderConfigurer">
		<!-- 메서드를 호출하는 기능을 갖는 property 태그, location 메서드(set메서드)-->
		<property name="location" value="classpath:properties/db.properties" />
	</bean>
	
	<bean id="dataSource" class="org.apache.commons.dbcp.BasicDataSource">
		<property name="driverClassName" value="${driver}"/>
		<property name="url" value="${url}" />
		<property name="username" value="${username}"/>
		<property name="password" value="${password}"/>
		<property name="defaultAutoCommit" value="true"/>
	</bean>
	
<!-- 	mybatis bean 등록 SqlSessionFactoryBean-->
	<bean id="sqlSession" class="org.mybatis.spring.SqlSessionFactoryBean">
<!-- 	위에 만든 dataSource를 주입하기 위해 ref=""를 사용한다. set메서드를 사용해서 주입할 때는 value를 사용한다.-->
		<property name="dataSource" ref="dataSource"/>
		<property name="configLocation" value="classpath:sqls/SqlMapConfig.xml"/>
	</bean>
	
	<bean id="sqlSessionTemplate" class="org.mybatis.spring.SqlSessionTemplate">
<!-- 		생성자를 통해 주입하는 방법 constructor-arg -->
		<constructor-arg index="0" ref="sqlSession"/>
	</bean>
	
		<!-- Transaction 처리를 위한 객체 등록 -->
	<bean id="transactionManager" class="org.springframework.jdbc.datasource.DataSourceTransactionManager">
		<!-- 대상이 되는 database가 어떤 건지 알아야 하기 때문에 dataSource 객체를 주입해준다.  -->
		<property name="dataSource" ref="dataSource"/>
	</bean>
	
	<!-- Transaction처리 방법 2가지: 1.선언적 처리, 2.AOP 처리 -->
	
	<!-- 1.선언적 처리: @transactional 어노테이션을 사용해서 진행 -->
	<tx:annotation-driven transaction-manager="transactionManager"
		proxy-target-class="true"/>
</beans>