<?xml version="1.0" encoding="UTF-8"?>
<!DOCTYPE mapper PUBLIC "//mybatis.org//DTD Config 3.0//EN" "http://mybatis.org/dtd/mybatis-3-mapper.dtd">

<mapper namespace="com.hk.off">
	<insert id="insertOff" parameterType="OffDto">
		INSERT INTO OFFBOARD VALUES (OFFBOARD_OFF_SEQ.NEXTVAL,#{id},#{off_title},#{off_content},#{wdate},'CH','W',#{odate},SYSDATE)
	</insert>
	
	<insert id="insertVa" parameterType="OffDto">
		INSERT INTO OFFBOARD VALUES (OFFBOARD_OFF_SEQ.NEXTVAL,#{id},#{off_title},#{off_content},#{wdate},'VA','W',#{odate},SYSDATE)
	</insert>
	
	<select id="getOffList" resultType="OffDto" parameterType="String">
		SELECT * FROM OFFBOARD WHERE ID = #{id}
	</select>
	
	<select id="getAllOffList" resultType="OffDto" parameterType="String">
		SELECT * FROM OFFBOARD WHERE ID NOT IN #{id}
	</select>
	
	<select id="geSelectOff" resultType="OffDto" parameterType="String">
		SELECT * FROM OFFBOARD WHERE OFF_SEQ = #{seq}
	</select>
	
	<delete id="delOffList" parameterType="String">
		DELETE FROM OFFBOARD WHERE OFF_SEQ=#{seq}
	</delete>
	
	<update id="updateOffYes" parameterType="String">
		UPDATE OFFBOARD SET OFF ='Y' WHERE OFF_SEQ =#{seq}
	</update>
	
	<update id="updateOffNo" parameterType="String">
		UPDATE OFFBOARD SET OFF ='N' WHERE OFF_SEQ =#{seq}
	</update>
</mapper>