<?xml version="1.0" encoding="UTF-8"?>
<beans xmlns="http://www.springframework.org/schema/beans"
	xmlns:xsi="http://www.w3.org/2001/XMLSchema-instance"
	xmlns:aop="http://www.springframework.org/schema/aop"
	xmlns:tx="http://www.springframework.org/schema/tx"
	xsi:schemaLocation="http://www.springframework.org/schema/beans http://www.springframework.org/schema/beans/spring-beans.xsd
		http://www.springframework.org/schema/aop http://www.springframework.org/schema/aop/spring-aop-4.3.xsd
		http://www.springframework.org/schema/tx http://www.springframework.org/schema/tx/spring-tx-4.3.xsd">

	<!--html : 마크업 랭귀지(화면 표현 목적) xml : 동일한 태그인데 데이터를 표현하는 것이 목적 객체, 값설정, 값저장 -->
	<!-- 직접적으로 기능이 구현되어 있는 클래스 등록-->
	<bean id="logAop" class="com.hk.delivery.aop.LogExecute"/>
	
	<aop:config>
		<!--aop:pointcut : 기능을 실행할 위치를 정의하는 곳 expression : 위치지정-->
		<!--execution(* com.hk.ansboard.daos.AnsDao.*()) : execution문법(* 경로.*(..)) dao의 모든 메서드를 대상으로 하겠다  -->
		<aop:pointcut expression="execution(* com.hk.delivery.daos.*(..))" 
						id="daoLogPoint"/>
		
		<!-- advise와 pointcut을 정의 -->
		<aop:aspect id="LogAspect" ref="logAop">
			<!-- target이 실행되기 전에 실행되는 테그 -->
			<aop:before method="before" pointcut-ref="daoLogPoint"/>
			<aop:after-returning method="afterReturning" pointcut-ref="daoLogPoint"/>
			<!-- 오류가 발생하는 것은 throwing -->
			<aop:after-throwing method="daoError" pointcut-ref="daoLogPoint"/>
		</aop:aspect>
	</aop:config>
	
	<!-- tx:advice: 기능 설정 -->
	<tx:advice id="txAdvice" transaction-manager="transactionManager">
		<tx:attributes>
			<!-- sevice에 있는 메서드 이름 	propagation="REQUIRED" : replyBoard는 트렌잭션을 필요로 한다.	-->
			<tx:method name="replyBoard" propagation="REQUIRED"
										 rollback-for="Exection"/>
										<!-- 예외가 발생하면 되돌란디 -->
		</tx:attributes>
	</tx:advice>
	
	<!-- 위에 설정만 해둔 기능을 진짜 적용 expression: 위치-->
	<aop:config>
														<!-- ...Service로 끝나는 클래스 ....Board로 끝나는 메서드  -->
		<aop:pointcut expression="execution(* com.hk.delivery.service.*Service.*(..))" id="serviceTransaction"/>
		<aop:advisor advice-ref="txAdvice" pointcut-ref="serviceTransaction"/>
	</aop:config>
	
</beans>






