<?xml version="1.0" encoding="UTF-8"?>
<!DOCTYPE mapper PUBLIC "-//mybatis.org//DTD Mapper 3.0//EN"
  "http://mybatis.org/dtd/mybatis-3-mapper.dtd">
  
<mapper namespace="com.hk.cart">
<!-- 	<insert id="insertCart" parameterType="Map"> -->
<!-- 		INSERT ALL -->
<!-- 		<foreach collection="dto.list" item="dto"> -->
<!-- 		INTO CART (CART_SEQ,USER_ID,GOODS_SEQ,CART_COUNT)  -->
<!-- 		VALUES( -->
<!-- 			get_seq,#{dto.user_id},#{dto.goods_seq},#{dto.cart_count}) -->
<!-- 		</foreach> -->
<!-- 		SELECT * FROM DUAL -->
<!-- 	</insert> -->
	
<!-- 	<select id="getCartList" parameterType="String" resultType="cartDto"> -->
<!-- 		SELECT *FROM CART WHERE USER_ID ={id}  -->
<!-- 	</select> -->
	
	<select id="getcartlist" parameterType="String" resultType="cartDto">
		SELECT * FROM CART WHERE USER_ID =#{user_id} 
	</select>
	
	<insert id="insertCart" parameterType="cartDto">
		INSERT INTO CART (CART_SEQ ,USER_ID ,GOODS_SEQ ,CART_COUNT)
		VALUES (cart_seq.nextval,#{user_id},#{goods_seq},#{cart_count})
	</insert>
	
	<select id="selectSeqsList" parameterType="Map" resultType="cartDto">
		SELECT *FROM CART WHERE GOODS_SEQ IN
		<foreach collection="seqs" open="(" close=")" separator="," item="seq">
			#{seq}
		</foreach>
	</select>
	
	<delete id="deleteCart" parameterType="Map">
		DELETE FROM CART WHERE USER_ID=
		<foreach collection="ids" item="id">
			#{id} 
<!-- 			AND GOODS_SEQ =  -->
<!-- 			<foreach collection="goods_seqs" item="goods_seq"> -->
<!-- 				#{goods_seq} -->
<!-- 			</foreach> -->
<!-- 			OR CART_SEQ = -->
<!-- 			<foreach collection="cart_seqs" item="cart_seq"> -->
<!-- 				#{cart_seq} -->
<!-- 			</foreach> -->
			AND USER_LAT IS NOT NULL
		</foreach>
	</delete>
	
	<update id="updateAddr" parameterType="Map">
		UPDATE CART SET USER_LAT =#{user_lat}, USER_LNG =#{user_lng} WHERE CART_SEQ =#{cart_seq} AND USER_ID=#{user_id} 
	</update>
	
	<select id="selectchk" parameterType="String" resultType="cartDto">
		SELECT * FROM CART WHERE USER_ID =#{user_id} AND USER_LAT IS NOT NULL
	</select>
	
	<select id="selectMap" parameterType="String" resultType="cartDto">
		SELECT * FROM CART WHERE USER_ID =#{user_id} AND USER_LAT IS NOT NULL
	</select>
</mapper>