<?xml version="1.0" encoding="UTF-8"?>
<!DOCTYPE mapper PUBLIC "-//mybatis.org//DTD Mapper 3.0//EN"
  "http://mybatis.org/dtd/mybatis-3-mapper.dtd">
  
<mapper namespace="com.hk.file">
	 <insert id="insertFileInfo" parameterType="fileboardDto">
		 <selectKey keyProperty="goods_seq" order="BEFORE" resultType="int">
		 	SELECT MAX(goods_seq) FROM GOODS
		 </selectKey>
			INSERT INTO FILEBOARD VALUES
			(#{goods_seq},#{origin_fname},#{stored_fname}
			 ,#{file_size},SYSDATE,'N')
	</insert>
	
<!-- 	<select id="getFileList" resultType="fileboardDto" parameterType="Map"> -->
<!--  	com.hk.dtos.FileDto -> fileDto Configuration에서 알리아스 정의를 해줌 -->
<!-- 		SELECT DISTINCT GOODS_SEQ -->
<!-- 		FROM FILEBOARD -->
<!-- 		<if test="seq!=null"> -->
<!-- 			<where> -->
<!-- 				GOODS_SEQ=#{seq} -->
<!-- 			</where> -->
<!-- 		</if> -->
<!-- 	</select> -->
	
	<select id="getFileList" resultType="fileboardDto" parameterType="Map">
<!-- 	com.hk.dtos.FileDto -> fileDto Configuration에서 알리아스 정의를 해줌 -->
		SELECT * FROM (
			SELECT ROW_NUMBER () OVER(PARTITION BY FILEBOARD.GOODS_SEQ ORDER BY
			FILEBOARD.GOODS_SEQ DESC) AS rnum, FILEBOARD.* FROM FILEBOARD
		) 
		WHERE rnum=1 ORDER BY GOODS_SEQ
	</select>
	
	<delete id="deleteFile" parameterType="Map">
		DELETE FROM FILEBOARD WHERE GOODS_SEQ IN 
  		<foreach collection="seqs" open="(" close=")" separator="," item="seq">
  		#{seq}  		
  		</foreach>
	</delete>
	
	<select id="getSearchList" resultType="fileboardDto" parameterType="Map">
		SELECT *
		FROM(
			SELECT ROW_NUMBER () OVER(PARTITION BY FILEBOARD.GOODS_SEQ ORDER BY
			FILEBOARD.GOODS_SEQ DESC) AS rnum, FILEBOARD.* FROM FILEBOARD
		) 
		WHERE GOODS_SEQ IN 
		<foreach collection="seqs" open="(" close=")" separator="," item="seq">
		#{seq} 
		</foreach>
		AND rnum=1 ORDER BY GOODS_SEQ
	</select>
	
	<select id="filedetail" parameterType="String" resultType="fileboardDto">
		SELECT *FROM FILEBOARD WHERE GOODS_SEQ=#{goods_seq}
	</select>
</mapper>