<?xml version="1.0" encoding="UTF-8"?>
<!DOCTYPE mapper PUBLIC "-//mybatis.org//DTD Mapper 3.0//EN"
  "http://mybatis.org/dtd/mybatis-3-mapper.dtd">
  
<mapper namespace="com.hk.goods">
  <insert id="insertgoods" parameterType="goodsDto">
  	INSERT INTO GOODS VALUES(goods_seq.nextval,#{goods_name},#{goods_category},#{goods_comment},0,#{goods_weight},#{goods_count},#{goods_price},sysdate)
  </insert>
  
  <select id="selectseq" parameterType="String" resultType="int">
  	SELECT GOODS_SEQ FROM GOODS WHERE GOODS_NAME =#{goods_name} 
  </select>
  
  <select id="getGoodsList" resultType="goodsDto">
  	SELECT *FROM GOODS ORDER BY GOODS_SEQ
  </select>
  
  <select id="selectGoodsList" parameterType="String" resultType="goodsDto">
  	SELECT * FROM GOODS WHERE GOODS_NAME LIKE '%' ||  #{search} || '%' ORDER BY GOODS_SEQ
  </select>
  
  <delete id="deleteGoods" parameterType="Map">
  	DELETE FROM GOODS WHERE GOODS_SEQ IN 
  	<foreach collection="seqs" open="(" close=")" separator="," item="seq">
  	#{seq}
  	</foreach>
  </delete>
  
  <select id="selectCateList" parameterType="String" resultType="goodsDto">
  	SELECT *FROM GOODS WHERE GOODS_CATEGORY =#{goods_category} ORDER BY GOODS_SEQ
  </select>
  
  <select id="selectCateSeq" parameterType="String" resultType="goodsDto">
  	SELECT GOODS_SEQ FROM GOODS WHERE GOODS_CATEGORY =#{goods_category} ORDER BY GOODS_SEQ
  </select>
  
  <select id="selectSeqsList" parameterType="Map" resultType="goodsDto">
  	SELECT *FROM GOODS WHERE GOODS_SEQ IN
  	<foreach collection="seqs" open="(" close=")" separator="," item="seq">
		#{seq} 
	</foreach>
  </select>
  
  <select id="goodsdetail" parameterType="String" resultType="goodsDto">
  	SELECT *FROM GOODS WHERE GOODS_SEQ =#{goods_seq}
  </select>
  
  <select id="selectOrderList" parameterType="Map" resultType="goodsDto">
  	SELECT *FROM GOODS WHERE GOODS_NAME IN
  	<foreach collection="goods_name" open="(" close=")" separator="," item="name">
  	#{name}
  	</foreach>
  </select>
</mapper>