<?xml version="1.0" encoding="UTF-8"?>
<!DOCTYPE mapper PUBLIC "-//mybatis.org//DTD Mapper 3.0//EN"
  "http://mybatis.org/dtd/mybatis-3-mapper.dtd">
  
<mapper namespace="com.hk.order">
	<insert id="insertorder" parameterType="orderDto">
		INSERT INTO "ORDER" VALUES(order_seq.nextval,null,#{user_id},#{order_price},#{order_goods},#{order_tel},#{order_addr},#{order_comment},'no',SYSDATE,#{order_count},null,null)
	</insert>
	
	<select id="selectOrderList" parameterType="String" resultType="orderDto">
		SELECT * FROM "ORDER" WHERE USER_ID=#{user_id}
	</select>
	
	<select id="stateOrderList" resultType="orderDto">
		SELECT *FROM "ORDER" ORDER BY ORDER_STATE
	</select>
	
	<update id="updateMartState" parameterType="int">
		UPDATE "ORDER" SET ORDER_STATE ='mart' WHERE ORDER_SEQ = #{order_seq}
	</update>
	
	<select id="selectMartList" resultType="orderDto">
		SELECT *FROM "ORDER" WHERE ORDER_STATE IN ('mart','rider')
	</select>
	
	<update id="updateRiderState" parameterType="int">
		UPDATE "ORDER" SET ORDER_STATE ='rider' WHERE ORDER_SEQ = #{order_seq}
	</update>
	
	<update id="updateMap" parameterType="Map">
		UPDATE "ORDER" SET  ORDER_STATE ='rider', RIDER_ID =#{rider_id},ORDER_LAT =#{order_lat},ORDER_LNG =#{order_lng} WHERE ORDER_SEQ =#{order_seq}
	</update>
	
	<select id="selectSeq" resultType="orderDto" parameterType="String">
		SELECT *FROM "ORDER" WHERE ORDER_SEQ =#{order_seq}
	</select>
</mapper>