<?xml version="1.0" encoding="UTF-8"?>
<!DOCTYPE configuration
  PUBLIC "-//mybatis.org//DTD Config 3.0//EN"
  "http://mybatis.org/dtd/mybatis-3-config.dtd">
<configuration>

	<!-- 변수 설정 -->
	<typeAliases>
		<typeAlias type="com.hk.delivery.dtos.UserDto" alias="userDto" />
		<typeAlias type="com.hk.delivery.dtos.GoodsDto" alias="goodsDto" />
		<typeAlias type="com.hk.delivery.dtos.FileBoardDto" alias="fileboardDto" />
		<typeAlias type="com.hk.delivery.dtos.CartDto" alias="cartDto" />
		<typeAlias type="com.hk.delivery.dtos.OrderDto" alias="orderDto" />
	</typeAliases>

	<mappers>
		<mapper resource="./sqls/UserMapper.xml" />
		<mapper resource="./sqls/GoodsMapper.xml" />
		<mapper resource="./sqls/FileMapper.xml" />
		<mapper resource="./sqls/CartMapper.xml" />
		<mapper resource="./sqls/OrderMapper.xml" />
	</mappers>
</configuration>